filename,class
agrmya.wav,other
anahxi.wav,other
aperv.wav,other
aupejpe.wav,other
awatonfcmc.wav,other
azkpvx.wav,other
azydojfg.wav,other
bcgapbec.wav,other
bfyfwjsy.wav,other
bgdgmsbop.wav,other
bghdwy.wav,other
bhbpd.wav,other
bmkjzjad.wav,other
bmpdyjvh.wav,other
bpjek.wav,other
bqokpcudam.wav,other
brpdwbjrp.wav,other
bsgzputfyw.wav,other
btyktek.wav,other
bugrsk.wav,other
buztctrq.wav,other
caqmawxcbm.wav,other
cbtvs.wav,other
ccmapshsji.wav,other
cfnxcyxhyh.wav,other
cjyajnvps.wav,other
cmjurggl.wav,other
csmtqyncd.wav,other
ctrfoect.wav,other
cvnbbfsrg.wav,other
cwqyr.wav,other
cwzzcu.wav,other
cxfqzl.wav,other
cxwrhm.wav,other
cybiwli.wav,other
dainjetdg.wav,other
ddyuyb.wav,other
denkghqr.wav,other
dgezdcr.wav,other
dhgehipd.wav,other
dhglvrpct.wav,other
digkdcua.wav,other
dippstml.wav,other
djjaijb.wav,other
djzpn.wav,other
dkjlpnkwzj.wav,other
dnuvwj.wav,other
doqinj.wav,other
dpttiqibiv.wav,other
dshcyiq.wav,other
dsvhz.wav,other
dweodqb.wav,other
ecsompn.wav,other
eduawgd.wav,other
edvhgp.wav,other
efctv.wav,other
efljq.wav,other
egoor.wav,other
egqxd.wav,other
egtiuxnry.wav,other
ehmnilcc.wav,other
ehuzyj.wav,other
ejnywqw.wav,other
emubdla.wav,other
eonkrhog.wav,other
eplmcki.wav,other
erxdezq.wav,other
eujnhi.wav,other
eytmj.wav,other
faaurhbq.wav,other
fcpxkgpeer.wav,other
fdxcdhq.wav,other
ffmndnaodb.wav,other
fjmmcuzw.wav,other
fkwsuclz.wav,other
flkknszt.wav,other
fpqndbn.wav,other
frkqxtz.wav,other
frprjhiw.wav,other
frtts.wav,other
fsblv.wav,other
fsuorzfdu.wav,other
fvmdjvn.wav,other
fvtvjdjj.wav,other
fwwtrk.wav,other
fxdiqf.wav,other
fzzredm.wav,other
gblckjpm.wav,other
gdqcfp.wav,other
gdtvo.wav,other
ggjjvlt.wav,other
ghlkjxum.wav,other
gikmjdwoze.wav,other
gowmudz.wav,other
gphwgjugdc.wav,other
gsijpyxxg.wav,other
gvdkqb.wav,other
gvtnl.wav,other
gwalp.wav,other
gykewuyjn.wav,other
hbgodypnaj.wav,other
hdtyqmodxp.wav,other
heauwellj.wav,other
hhkqduezai.wav,other
hhnvwdmfl.wav,other
hjwlkonex.wav,other
hpdph.wav,other
hsuszvqysc.wav,other
hxmdb.wav,other
hyhjad.wav,other
iavziyhdgm.wav,other
ibjsqvdkgo.wav,other
ibkvew.wav,other
ibznwqp.wav,other
idomxn.wav,other
ifqdil.wav,other
ifqir.wav,other
igkxq.wav,other
ihiuaykjhc.wav,other
ijafpunsd.wav,other
ijlhns.wav,other
ijwgg.wav,other
ikhks.wav,other
iksse.wav,other
ilhhn.wav,other
iqotljycrx.wav,other
iqtjnh.wav,other
iqusqf.wav,other
isnfuq.wav,other
itfemnh.wav,other
ivncatramc.wav,other
iwbaw.wav,other
ixhgtc.wav,other
iyxri.wav,other
iyztsjzb.wav,other
jaivt.wav,other
jccoxgf.wav,other
jcxvbpxq.wav,other
jejuxw.wav,other
jemfo.wav,other
jeykp.wav,other
jfpek.wav,other
jggas.wav,other
jhwahhe.wav,other
jighy.wav,other
jivvnowoc.wav,other
jkqlitow.wav,other
jlpormocg.wav,other
jmact.wav,other
jnwtfcq.wav,other
jsfjhayye.wav,other
jtufgcnmw.wav,other
juhwste.wav,other
jyvbie.wav,other
jywzhmspid.wav,other
jzuearxgn.wav,other
kcfaocdp.wav,other
kdfykpig.wav,other
kesvmot.wav,other
kexnfs.wav,other
kfyqihxery.wav,other
khhpg.wav,other
khhsgo.wav,other
kmjazbbx.wav,other
knndkqs.wav,other
kpwbnscsly.wav,other
ktgrwjs.wav,other
kumvarj.wav,other
kvpzjrcw.wav,other
kwswb.wav,other
kyeekrysev.wav,other
kznzgit.wav,other
lbkdd.wav,other
lcoirma.wav,other
ldhuqu.wav,other
lkgkkupmlx.wav,other
lltkf.wav,other
lmbhxsw.wav,other
lnqeerbhzl.wav,other
lnrdav.wav,other
lqcbhbcc.wav,other
lqwmu.wav,other
lvflkkxghs.wav,other
lvncqfgcpz.wav,other
lvpppohkne.wav,other
lvxgxg.wav,other
lwfpodo.wav,other
lyjouxuzu.wav,other
maujpvmbe.wav,other
mfpimi.wav,other
mgbbjtjh.wav,other
mitavnbexk.wav,other
miywpbwcz.wav,other
mlyvfapzun.wav,other
mvuya.wav,other
mxbhmpmo.wav,other
mxjxg.wav,other
ngfxpvp.wav,other
nhsivm.wav,other
ninbk.wav,other
njhivegrn.wav,other
nkobacz.wav,other
nnyqh.wav,other
nojryk.wav,other
nolmqzpti.wav,other
noqnndj.wav,other
nqayvfc.wav,other
nrpdztery.wav,other
nsfmrvr.wav,other
nzltlrgla.wav,other
nztee.wav,other
oaznyinij.wav,other
obcbjotjjn.wav,other
obwinxhbg.wav,other
occwjo.wav,other
ocrjndmcl.wav,other
octbj.wav,other
ofcfn.wav,other
opmtqu.wav,other
orqvhkwxkd.wav,other
ouwwtemfs.wav,other
ovjnzt.wav,other
owrkvsg.wav,other
oxbvubyeu.wav,other
oydzg.wav,other
oyyeoffht.wav,other
padwx.wav,other
pbpazrxts.wav,other
pdeakcgft.wav,other
pfumz.wav,other
pgixuwlh.wav,other
phdzongxs.wav,other
pirsew.wav,other
pkezrcoln.wav,other
pnoubczq.wav,other
pobcilncva.wav,other
poekoc.wav,other
pshfodk.wav,other
qbuqyfklta.wav,other
qfppu.wav,other
qgvur.wav,other
qgwtbxkd.wav,other
qhicrd.wav,other
qhtgyktkw.wav,other
qhvyqide.wav,other
qjerso.wav,other
qnxtwqjqn.wav,other
qprwtjuo.wav,other
qqmnlhyguz.wav,other
qrkaoiylud.wav,other
qrmsxoylmj.wav,other
qsetd.wav,other
qucgd.wav,other
qvxumfn.wav,other
qwvimdpoq.wav,other
qxgazuuhli.wav,other
qycgcbpzla.wav,other
qyfirdycbr.wav,other
qyheih.wav,other
qyknsqwct.wav,other
qyynb.wav,other
rdmcmopmsr.wav,other
rfeykjnyp.wav,other
ripyxmc.wav,other
rjfnkff.wav,other
rkgqkjbgj.wav,other
rkosoyisg.wav,other
rmiippxu.wav,other
rsbbc.wav,other
rtmevncfux.wav,other
rusrzz.wav,other
rvqeypusnt.wav,other
rvqtzd.wav,other
rwgmkgfdb.wav,other
rwnvklsflt.wav,other
rxrtp.wav,other
rytqhn.wav,other
rzhnpgte.wav,other
seivhr.wav,other
semhhdicdu.wav,other
sfvxrpbp.wav,other
sfynewim.wav,other
sghlifmm.wav,other
shbpbkys.wav,other
simqdpb.wav,other
skgkhvfr.wav,other
slxbcbugyi.wav,other
snnwnzuekq.wav,other
sptwdby.wav,other
srblurplz.wav,other
srlswzpmrh.wav,other
srvxuasucz.wav,other
stxtxuz.wav,other
tbjqyo.wav,other
tijtnspuqm.wav,other
tjnonmgpnr.wav,other
tlrkacc.wav,other
tmuke.wav,other
tnovg.wav,other
tnrixfydx.wav,other
toqvfc.wav,other
tsyqdn.wav,other
tvaqk.wav,other
tvdkri.wav,other
txgrlizmlk.wav,other
uabjsmpeo.wav,other
uekoe.wav,other
ufkpuuysp.wav,other
ufookfetc.wav,other
uglvolsvyo.wav,other
uhjnqbrpl.wav,other
uhzlfv.wav,other
ujfyuac.wav,other
ulbysdusn.wav,other
ulhdugtnlp.wav,other
umtiese.wav,other
upcxjrm.wav,other
urjmj.wav,other
urockcv.wav,other
utsvdccol.wav,other
uvlrqnlzgp.wav,other
uxotgyeyxq.wav,other
uymfpjikba.wav,other
uysblnphwl.wav,other
vcqwe.wav,other
vcsikodfsj.wav,other
verfrdnt.wav,other
vfabyhn.wav,other
vfsgqdqxk.wav,other
vgcaa.wav,other
vhxkaejhe.wav,other
vjpbl.wav,other
vmazcmfabe.wav,other
vmwaziozkw.wav,other
vnyxuuxwer.wav,other
vrlofbofz.wav,other
vsnebce.wav,other
vyrxznkq.wav,other
wamnlh.wav,other
wbduaz.wav,other
wbwvxikuxe.wav,other
wgyuslv.wav,other
wiukuow.wav,other
wmjpverahi.wav,other
wmzuc.wav,other
wqadxl.wav,other
wsdnmysn.wav,other
wseur.wav,other
wsgieqcw.wav,other
wtejfixx.wav,other
wvlkrtfa.wav,other
wvphlyzigg.wav,other
wvuedv.wav,other
wzgqvoare.wav,other
xefggvw.wav,other
xepdxynsjk.wav,other
xephvqb.wav,other
xgzdkgrd.wav,other
xihdk.wav,other
xiinzm.wav,other
xiplf.wav,other
xjotyxv.wav,other
xjqotbqjw.wav,other
xjwhylbosw.wav,other
xlcpsfhy.wav,other
xpnceggidu.wav,other
xrtgqgst.wav,other
xvfesbyoio.wav,other
yavfno.wav,other
ycdce.wav,other
ycindg.wav,other
yefvhhypbd.wav,other
ygilqqish.wav,other
ygkkobcmr.wav,other
ylypocc.wav,other
ymksfwjf.wav,other
yrocofm.wav,other
ysltxbd.wav,other
ytocivwq.wav,other
yukkgbmmf.wav,other
yuqkrqi.wav,other
ywarrhovn.wav,other
yyjjj.wav,other
zbqvzqsv.wav,other
zbsikoz.wav,other
zbydlymqf.wav,other
zgcowd.wav,other
zhoedadpr.wav,other
zivzguz.wav,other
zmjrpijjev.wav,other
zmvhv.wav,other
znoekdufk.wav,other
znthz.wav,other
zntwrtzo.wav,other
zppdy.wav,other
zuyxtd.wav,other
zvegd.wav,other
zvlkqfc.wav,other
zvqkizsr.wav,other
zvzkoonong.wav,other
